COCA_clean,TimeHorizon,ClimateScenario,EnsembleStat,EmergingSpecies,EmergingSpecies_rescaled,TotalChangeValue,TotalChangeVolume,ChangeValue_rescaled,ChangeVolume_rescaled,ChangeValue_ztransformed,ChangeVolume_ztransformed,AdaptiveCapacity,AdaptiveCapacity_rescaled,CommercialReliance,CommercialReliance_rescaled
"Addison, ME",2055,rcp85,mean,19,0.818181818,-22.16960126,-22.47588481,0.311677994,0.246003232,-0.606866079,-0.718632354,1.866666667,0.526315789,2,0.333333333
"Addison, ME",2100,rcp85,mean,19,0.782608696,-57.31031306,-60.47084094,0.180231723,0.088483425,-0.827690475,-0.900587054,1.866666667,0.526315789,2,0.333333333
"Atlantic City, NJ",2055,rcp85,mean,6,0.227272727,-3.630371163,-0.224561106,0.485681749,0.395936937,0.373959982,0.276524793,0.533333333,0,1,0
"Atlantic City, NJ",2100,rcp85,mean,7,0.260869565,-8.28853538,-0.5114607,0.480614399,0.308093499,0.553133214,0.142284906,0.533333333,0,1,0
"Avalon, NJ",2055,rcp85,mean,5,0.181818182,-55.26897242,-53.93528578,0.001017041,0.03402373,-2.358002757,-2.125606973,2.033333333,0.592105263,1,0
"Avalon, NJ",2100,rcp85,mean,5,0.173913043,-86.72372513,-84.62916514,0,0,-1.656194419,-1.320772166,2.033333333,0.592105263,1,0
"Bar Harbor, ME",2055,rcp85,mean,14,0.590909091,-19.14278212,-19.75609676,0.340086827,0.264329688,-0.446730891,-0.596993904,2.633333333,0.828947368,1.2,0.066666667
"Bar Harbor, ME",2100,rcp85,mean,22,0.913043478,-55.24735921,-58.28661019,0.192872545,0.096483493,-0.769582106,-0.862596785,2.633333333,0.828947368,1.2,0.066666667
"Barnegat Light Long Beach, NJ",2055,rcp85,mean,4,0.136363636,-29.08765902,-6.467986404,0.246747141,0.353867535,-0.972868944,-0.002703058,2.2,0.657894737,4,1
"Barnegat Light Long Beach, NJ",2100,rcp85,mean,4,0.130434783,-54.1930426,-3.726992917,0.199332908,0.296316138,-0.739884583,0.086357236,2.2,0.657894737,4,1
"Barnstable, MA",2055,rcp85,mean,8,0.318181818,11.04254106,17.08099628,0.623397383,0.512545116,1.150236807,1.050489944,2.8,0.894736842,1,0
"Barnstable, MA",2100,rcp85,mean,8,0.304347826,1.658316245,28.85866369,0.541564085,0.415665911,0.833311719,0.653118724,2.8,0.894736842,1,0
"Beals Island, ME",2055,rcp85,mean,22,0.954545455,-20.13183845,-15.59605804,0.330803836,0.29236083,-0.499057348,-0.410942399,1.966666667,0.565789474,4,1
"Beals Island, ME",2100,rcp85,mean,21,0.869565217,-56.50685324,-52.09982206,0.185154951,0.119143517,-0.805058975,-0.754990138,1.966666667,0.565789474,4,1
"Beaufort, NC",2055,rcp85,mean,2,0.045454545,1.956255285,0.629372752,0.53811618,0.401690908,0.669522892,0.314715707,1.466666667,0.368421053,2.4,0.466666667
"Belford, NJ",2055,rcp85,mean,4,0.136363636,-0.779844732,4.259629347,0.512435951,0.426152276,0.524768327,0.477073499,2.5,0.776315789,2.8,0.6
"Belford, NJ",2100,rcp85,mean,6,0.217391304,15.35287081,56.07234012,0.625477952,0.515340015,1.219053858,1.126445499,2.5,0.776315789,2.8,0.6
"Beverly, MA",2055,rcp85,mean,15,0.636363636,-30.96647901,-30.76804732,0.229113089,0.190129044,-1.072268736,-1.08948691,3,0.973684211,1,0
"Beverly, MA",2100,rcp85,mean,17,0.695652174,-68.50792651,-68.2804481,0.11161795,0.059879587,-1.143099884,-1.036419351,3,0.973684211,1,0
"Blue Hill, ME",2055,rcp85,mean,16,0.681818182,-27.95625813,-26.66183275,0.257366136,0.217797509,-0.913011686,-0.90584261,2.3,0.697368421,1.6,0.2
"Blue Hill, ME",2100,rcp85,mean,19,0.782608696,-60.20553332,-61.27618855,0.162491158,0.085533721,-0.909241755,-0.914594445,2.3,0.697368421,1.6,0.2
"Boothbay Harbor, ME",2055,rcp85,mean,20,0.863636364,-36.19518809,-33.36798106,0.180037965,0.17261019,-1.348895872,-1.205765055,2.133333333,0.631578947,2,0.333333333
"Boothbay Harbor, ME",2100,rcp85,mean,21,0.869565217,-68.69417564,-62.45733644,0.110476702,0.081207593,-1.148346067,-0.93513812,2.133333333,0.631578947,2,0.333333333
"Boston, MA",2055,rcp85,mean,12,0.5,-44.90651514,-45.56982673,0.098276014,0.090391804,-1.809772432,-1.751474339,1.866666667,0.526315789,1,0
"Boston, MA",2100,rcp85,mean,17,0.695652174,-61.32135308,-64.50027665,0.155653933,0.073725023,-0.940671671,-0.970670926,1.866666667,0.526315789,1,0
"Bremen, ME",2055,rcp85,mean,17,0.727272727,-18.3135453,-16.78117906,0.3478698,0.284375257,-0.402859755,-0.463945163,2.466666667,0.763157895,2,0.333333333
"Bremen, ME",2100,rcp85,mean,20,0.826086957,-52.23680634,-47.39969035,0.211319815,0.136358442,-0.684782188,-0.673240868,2.466666667,0.763157895,2,0.333333333
"Bristol New Harbor Pemaquid, ME",2055,rcp85,mean,18,0.772727273,-25.68028538,-21.49135315,0.278727746,0.252637196,-0.792600354,-0.674600649,2.2,0.657894737,2,0.333333333
"Bristol New Harbor Pemaquid, ME",2100,rcp85,mean,21,0.869565217,-58.14383418,-48.31754642,0.175124293,0.132996659,-0.851168728,-0.689205115,2.2,0.657894737,2,0.333333333
"Bristol, RI",2055,rcp85,mean,9,0.363636364,-0.065508748,9.99104854,0.519140498,0.464771682,0.562560584,0.733402643,3,0.973684211,1,0
"Bristol, RI",2100,rcp85,mean,8,0.304347826,1.502284496,24.9749701,0.540607994,0.401441311,0.828916686,0.585569742,3,0.973684211,1,0
"Brunswick, ME",2055,rcp85,mean,10,0.409090909,-2.244191045,-6.097515327,0.498692028,0.35636384,0.447296446,0.013865706,2.466666667,0.763157895,1,0
"Brunswick, ME",2100,rcp85,mean,16,0.652173913,-4.569712127,-12.48432525,0.50340162,0.264241117,0.657883378,-0.06595882,2.466666667,0.763157895,1,0
"Bucks Harbor, ME",2055,rcp85,mean,19,0.818181818,-21.41305075,-19.01406569,0.318778754,0.269329636,-0.566840444,-0.563807675,2.066666667,0.605263158,1,0
"Bucks Harbor, ME",2100,rcp85,mean,21,0.869565217,-58.00940611,-59.90936586,0.175948005,0.090539911,-0.847382218,-0.890821333,2.066666667,0.605263158,1,0
"Cape May, NJ",2055,rcp85,mean,4,0.136363636,-4.298793608,11.82283302,0.479408133,0.477114599,0.3385968,0.815326462,1.766666667,0.486842105,4,1
"Cape May, NJ",2100,rcp85,mean,5,0.173913043,-36.57355951,49.90136199,0.307296914,0.492737897,-0.243586799,1.019113835,1.766666667,0.486842105,4,1
"Cape Porpoise, ME",2055,rcp85,mean,15,0.636363636,-32.57126783,-33.49709209,0.214051014,0.171740215,-1.157170789,-1.211539352,2.633333333,0.828947368,3.2,0.733333333
"Cape Porpoise, ME",2100,rcp85,mean,18,0.739130435,-69.37130644,-59.52509274,0.106327559,0.091947368,-1.167419187,-0.88413768,2.633333333,0.828947368,3.2,0.733333333
"Chatham, MA",2055,rcp85,mean,9,0.363636364,1.184788468,25.62809034,0.53087542,0.570137081,0.628708104,1.432745932,1.966666667,0.565789474,3.8,0.933333333
"Chatham, MA",2100,rcp85,mean,11,0.434782609,8.961414634,187.304528,0.586314078,0.995997258,1.039022155,3.408963571,1.966666667,0.565789474,3.8,0.933333333
"Chebeague Island, ME",2055,rcp85,mean,11,0.454545455,14.41086,14.2748169,0.655011433,0.493636538,1.328439191,0.924987771,2.5,0.776315789,2.2,0.4
"Chebeague Island, ME",2100,rcp85,mean,13,0.52173913,-46.66646,-46.21545772,0.245452309,0.140695869,-0.527879143,-0.65264354,2.5,0.776315789,2.2,0.4
"Chincoteague, VA",2055,rcp85,mean,3,0.090909091,12.35595445,31.10486409,0.635724695,0.607040638,1.219723516,1.67768644,1.9,0.539473684,2,0.333333333
"Chincoteague, VA",2100,rcp85,mean,2,0.043478261,22.09045767,64.90513391,0.666762754,0.547691425,1.408835216,1.280074055,1.9,0.539473684,2,0.333333333
"Cohasset, MA",2055,rcp85,mean,14,0.590909091,-27.18450201,-27.17606203,0.264609612,0.214332533,-0.872181592,-0.928840744,2.966666667,0.960526316,1,0
"Cohasset, MA",2100,rcp85,mean,15,0.608695652,-67.18023744,-67.16375628,0.119753412,0.063969636,-1.105702127,-1.016996759,2.966666667,0.960526316,1,0
"Cundys Harbor, ME",2055,rcp85,mean,18,0.772727273,-31.19454609,-26.80039082,0.226972519,0.216863878,-1.084334724,-0.912039412,1.933333333,0.552631579,2.6,0.533333333
"Cundys Harbor, ME",2100,rcp85,mean,20,0.826086957,-66.85542884,-52.60069057,0.121743688,0.117309012,-1.096553062,-0.763701731,1.933333333,0.552631579,2.6,0.533333333
"Cushing, ME",2055,rcp85,mean,16,0.681818182,-24.2087613,-23.10826318,0.292539038,0.241742145,-0.714748731,-0.74691453,2.533333333,0.789473684,2,0.333333333
"Cushing, ME",2100,rcp85,mean,19,0.782608696,-64.28165608,-62.97941603,0.137514572,0.079295399,-1.024056173,-0.944218636,2.533333333,0.789473684,2,0.333333333
"Cutler, ME",2055,rcp85,mean,18,0.772727273,-22.58882597,-22.11606131,0.307743274,0.248427792,-0.629045345,-0.702539786,1.8,0.5,3.4,0.8
"Cutler, ME",2100,rcp85,mean,21,0.869565217,-56.992788,-57.65913276,0.182177369,0.098781721,-0.81874657,-0.851683086,1.8,0.5,3.4,0.8
"Dennis, MA",2055,rcp85,mean,12,0.5,-10.02314732,-19.71082951,0.425681034,0.264634708,0.035747369,-0.594969394,2.1,0.618421053,1,0
"Dennis, MA",2100,rcp85,mean,14,0.565217391,-6.784691455,-0.853391694,0.489829256,0.306841126,0.595492823,0.136337709,2.1,0.618421053,1,0
"District 1 Grafton Seaford Yorktown, VA",2055,rcp85,mean,7,0.272727273,-25.21395969,-25.05657031,0.283104542,0.228614077,-0.76792919,-0.83404965,3,0.973684211,1.2,0.066666667
"District 1 Grafton Seaford Yorktown, VA",2100,rcp85,mean,9,0.347826087,-65.43765892,-65.03655233,0.130431124,0.071760834,-1.056617948,-0.979998355,3,0.973684211,1.2,0.066666667
"Duxbury, MA",2055,rcp85,mean,7,0.272727273,-0.046870485,-0.511569668,0.519315432,0.394003018,0.563546649,0.263688765,2.566666667,0.802631579,1.8,0.266666667
"Duxbury, MA",2100,rcp85,mean,14,0.565217391,-0.36033886,-2.565609976,0.529194704,0.300569874,0.776451137,0.10655714,2.566666667,0.802631579,1.8,0.266666667
"East Hampton, NY",2055,rcp85,mean,5,0.181818182,38.1810464,76.39707165,0.878111405,0.912228255,2.586011278,3.703312629,2.1,0.618421053,2,0.333333333
"East Hampton, NY",2100,rcp85,mean,5,0.173913043,60.2070633,124.8403072,0.900323603,0.767212837,2.482486856,2.322524984,2.1,0.618421053,2,0.333333333
"Eastham, MA",2055,rcp85,mean,10,0.409090909,-5.697469262,-3.536696673,0.466280575,0.37361913,0.264599255,0.128394487,2.166666667,0.644736842,1,0
"Eastham, MA",2100,rcp85,mean,15,0.608695652,-15.2357173,-15.50831129,0.438045296,0.253165322,0.357448076,-0.118554931,2.166666667,0.644736842,1,0
"Eastport, ME",2055,rcp85,mean,18,0.772727273,-12.92546017,-7.322875177,0.398440781,0.34810713,-0.117800759,-0.040936679,1.266666667,0.289473684,1.8,0.266666667
"Eastport, ME",2100,rcp85,mean,20,0.826086957,-45.23352009,-30.27341298,0.254232699,0.199085959,-0.487516727,-0.375363966,1.266666667,0.289473684,1.8,0.266666667
"Edgartown, MA",2055,rcp85,mean,7,0.272727273,0.995468384,8.220891594,0.529098517,0.452844024,0.618692042,0.654235024,2.3,0.697368421,1,0
"Edgartown, MA",2100,rcp85,mean,9,0.347826087,1.831782453,8.198487056,0.542627005,0.339994967,0.838197838,0.293776803,2.3,0.697368421,1,0
"Fairhaven, MA",2055,rcp85,mean,8,0.318181818,5.578970344,-1.311120837,0.572117917,0.388615488,0.861184214,0.227930035,2.7,0.855263158,1.6,0.2
"Fairhaven, MA",2100,rcp85,mean,11,0.434782609,-27.63336723,-22.16643048,0.362078258,0.228778978,0.008236572,-0.234359427,2.7,0.855263158,1.6,0.2
"Fall River, MA",2055,rcp85,mean,6,0.227272727,-8.492007541,-1.720338909,0.440051862,0.385858098,0.116752987,0.20962837,1.2,0.263157895,1,0
"Fall River, MA",2100,rcp85,mean,8,0.304347826,-15.34945925,42.04398022,0.437348339,0.463959078,0.354244243,0.882450596,1.2,0.263157895,1,0
"Falmouth, MA",2055,rcp85,mean,6,0.227272727,12.76135144,16.75862224,0.639529632,0.510372897,1.241171221,1.036072247,2,0.578947368,1,0
"Falmouth, MA",2100,rcp85,mean,7,0.260869565,24.59584004,38.41942825,0.682114573,0.450683622,1.479405715,0.819408857,2,0.578947368,1,0
"Freeport, ME",2055,rcp85,mean,10,0.409090909,-14.60226867,-22.45437583,0.38270275,0.246148164,-0.206513045,-0.717670397,2.166666667,0.644736842,2,0.333333333
"Freeport, ME",2100,rcp85,mean,10,0.391304348,-29.20779513,-44.91845676,0.352430895,0.145446326,-0.036111215,-0.630084836,2.166666667,0.644736842,2,0.333333333
"Freeport, NY",2055,rcp85,mean,4,0.136363636,-2.236187448,0.908946339,0.498767147,0.403574728,0.44771988,0.327219217,1.833333333,0.513157895,1,0
"Freeport, NY",2100,rcp85,mean,6,0.217391304,-7.904058981,10.6630629,0.482970292,0.34902184,0.563962975,0.336643107,1.833333333,0.513157895,1,0
"Friendship, ME",2055,rcp85,mean,17,0.727272727,-29.63266047,-26.69416983,0.241631917,0.217579616,-1.001702484,-0.907288837,2.433333333,0.75,3.6,0.866666667
"Friendship, ME",2100,rcp85,mean,20,0.826086957,-67.47993763,-58.98935113,0.117916989,0.0939096,-1.114143949,-0.87481954,2.433333333,0.75,3.6,0.866666667
"Georgetown, ME",2055,rcp85,mean,14,0.590909091,-25.76060371,-26.1239071,0.277973902,0.221422156,-0.796849631,-0.88178469,2.233333333,0.671052632,2,0.333333333
"Georgetown, ME",2100,rcp85,mean,18,0.739130435,-54.41836086,-55.10580167,0.197952262,0.108133673,-0.746231248,-0.807273064,2.233333333,0.671052632,2,0.333333333
"Gloucester, MA",2055,rcp85,mean,9,0.363636364,-23.62451855,-21.98195391,0.298022569,0.249331434,-0.683839113,-0.696542033,2.766666667,0.881578947,2,0.333333333
"Gloucester, MA",2100,rcp85,mean,15,0.608695652,-41.51071889,-37.81254465,0.277044295,0.171472778,-0.382654514,-0.506491889,2.766666667,0.881578947,2,0.333333333
"Gouldsboro Corea Prospect Harbor, ME",2055,rcp85,mean,20,0.863636364,-21.18392104,-15.78670461,0.320929298,0.291076217,-0.554718236,-0.419468782,1.933333333,0.552631579,2.8,0.6
"Gouldsboro Corea Prospect Harbor, ME",2100,rcp85,mean,22,0.913043478,-59.61662299,-56.21757551,0.166099727,0.104061637,-0.89265359,-0.826610118,1.933333333,0.552631579,2.8,0.6
"Greenport, NY",2055,rcp85,mean,4,0.136363636,17.41525003,7.258234023,0.683209754,0.446357452,1.487387757,0.611181605,1.6,0.421052632,1,0
"Greenport, NY",2100,rcp85,mean,8,0.304347826,33.36654329,20.4685167,0.735857367,0.384935761,1.726454994,0.507189113,1.6,0.421052632,1,0
"Hampton Bays Shinnecock, NY",2055,rcp85,mean,5,0.181818182,7.298976792,7.479829062,0.588261391,0.447850602,0.952181906,0.621092111,2.5,0.776315789,1.8,0.266666667
"Hampton Bays Shinnecock, NY",2100,rcp85,mean,6,0.217391304,11.07356558,20.12637893,0.599256358,0.38368263,1.098516286,0.50123832,2.5,0.776315789,1.8,0.266666667
"Hampton Hampton Compact, NH",2055,rcp85,mean,6,0.227272727,-23.45150891,-22.34987562,0.299646386,0.246852307,-0.674685962,-0.712996781,2.966666667,0.960526316,1,0
"Hampton Hampton Compact, NH",2100,rcp85,mean,12,0.47826087,-52.98969381,-49.70522033,0.20670647,0.127914099,-0.705989188,-0.713340892,2.966666667,0.960526316,1,0
"Hampton, VA",2055,rcp85,mean,1,0,2.068904713,27.06191488,0.539173475,0.579798467,0.67548266,1.496871589,2.1,0.618421053,1,0
"Hampton, VA",2100,rcp85,mean,1,0,-12.35482921,56.41925407,0.45569804,0.516610639,0.438595654,1.132479365,2.1,0.618421053,1,0
"Hancock, ME",2055,rcp85,mean,15,0.636363636,-14.71551212,-17.96240472,0.38163988,0.276415931,-0.212504239,-0.516773712,2.466666667,0.763157895,1,0
"Hancock, ME",2100,rcp85,mean,17,0.695652174,-22.63747545,-27.79727122,0.392690762,0.208155194,0.148958635,-0.332296496,2.466666667,0.763157895,1,0
"Harpswell Bailey Island, ME",2055,rcp85,mean,15,0.636363636,-25.68001309,-26.20524903,0.278730302,0.220874058,-0.792585949,-0.885422586,1.933333333,0.552631579,2.6,0.533333333
"Harpswell Bailey Island, ME",2100,rcp85,mean,20,0.826086957,-62.78465171,-63.78283707,0.146687519,0.076352751,-0.981889218,-0.958192518,1.933333333,0.552631579,2.6,0.533333333
"Harwichport, MA",2055,rcp85,mean,8,0.318181818,1.385226016,16.84126925,0.532756668,0.510929789,0.63931234,1.039768511,2.266666667,0.684210526,2,0.333333333
"Harwichport, MA",2100,rcp85,mean,9,0.347826087,2.082369172,100.2845945,0.544162484,0.677273918,0.845256254,1.895428104,2.266666667,0.684210526,2,0.333333333
"Hingham, MA",2055,rcp85,mean,10,0.409090909,-29.52619795,-29.71429947,0.242631143,0.1972294,-0.996070038,-1.042359615,2.833333333,0.907894737,1,0
"Hingham, MA",2100,rcp85,mean,13,0.52173913,-64.30078192,-64.58967332,0.137397378,0.073397594,-1.024594901,-0.9722258,2.833333333,0.907894737,1,0
"Hobucken, NC",2100,rcp85,mean,1,0,-15.73538745,-7.655974632,0.43498355,0.281925663,0.343373589,0.018020558,2.966666667,0.960526316,1.6,0.2
"Hull, MA",2055,rcp85,mean,12,0.5,-31.26527273,-30.10606901,0.226308699,0.194589582,-1.088076548,-1.059880921,2.833333333,0.907894737,1,0
"Hull, MA",2100,rcp85,mean,17,0.695652174,-66.83224782,-41.28430809,0.121885731,0.158756932,-1.09590011,-0.566876181,2.833333333,0.907894737,1,0
"Hyannis, MA",2055,rcp85,mean,8,0.318181818,-18.00760785,-7.14303404,0.350741239,0.349318934,-0.386674001,-0.032893553,2.8,0.894736842,1,0
"Hyannis, MA",2100,rcp85,mean,8,0.304347826,-36.24745056,-14.45867788,0.309295158,0.257009759,-0.234401107,-0.100298684,2.8,0.894736842,1,0
"Hyannisport, MA",2055,rcp85,mean,7,0.272727273,-6.97054806,6.82658373,0.454331832,0.443448909,0.197246465,0.591876691,2.8,0.894736842,1,0
"Hyannisport, MA",2100,rcp85,mean,11,0.434782609,-31.84753219,-9.507601289,0.336255813,0.275143807,-0.110466158,-0.014184737,2.8,0.894736842,1,0
"Ipswich, MA",2055,rcp85,mean,11,0.454545455,-3.944488754,-7.135577489,0.482733534,0.349369178,0.357341453,-0.03256007,2.8,0.894736842,1,0
"Ipswich, MA",2100,rcp85,mean,16,0.652173913,-8.573712796,-15.91732324,0.478866965,0.251667255,0.545100464,-0.125668866,2.8,0.894736842,1,0
"Island Park, NY",2055,rcp85,mean,7,0.272727273,-20.598254,-20.69310465,0.326426197,0.258015949,-0.523733266,-0.638900179,2.133333333,0.631578947,1,0
"Island Park, NY",2100,rcp85,mean,7,0.260869565,-27.10298754,-28.74752021,0.365328178,0.204674767,0.023176071,-0.348824152,2.133333333,0.631578947,1,0
"Islip, NY",2055,rcp85,mean,5,0.181818182,4.036357314,5.558459185,0.557639406,0.434904041,0.779571598,0.535161719,2.666666667,0.842105263,1,0
"Islip, NY",2100,rcp85,mean,5,0.173913043,5.743852514,9.248550667,0.566598353,0.34384098,0.948391292,0.312040532,2.666666667,0.842105263,1,0
"Jamestown, RI",2055,rcp85,mean,11,0.454545455,1.967007041,-2.666790792,0.538217093,0.379480723,0.670091719,0.167299726,2.8,0.894736842,1,0
"Jamestown, RI",2100,rcp85,mean,8,0.304347826,-16.2557138,-2.656272719,0.431795232,0.300237809,0.328717267,0.104980245,2.8,0.894736842,1,0
"Jonesport, ME",2055,rcp85,mean,14,0.590909091,-13.52846463,-7.358821005,0.392781158,0.34786492,-0.149702974,-0.042544302,1.666666667,0.447368421,3.8,0.933333333
"Jonesport, ME",2100,rcp85,mean,21,0.869565217,-38.79949789,-28.43574714,0.293657397,0.205816681,-0.306286044,-0.343401491,1.666666667,0.447368421,3.8,0.933333333
"Kennebunkport, ME",2055,rcp85,mean,14,0.590909091,-21.59056899,-22.82881307,0.31711262,0.243625134,-0.576232124,-0.734416542,2.633333333,0.828947368,3.2,0.733333333
"Kennebunkport, ME",2100,rcp85,mean,16,0.652173913,-55.75018948,-52.72706717,0.189791435,0.116846139,-0.783745606,-0.765899796,2.633333333,0.828947368,3.2,0.733333333
"Kittery Kittery Point, ME",2055,rcp85,mean,11,0.454545455,-27.02135566,-27.04322981,0.266140856,0.215227582,-0.863550263,-0.922900022,2.666666667,0.842105263,1.2,0.066666667
"Kittery Kittery Point, ME",2100,rcp85,mean,17,0.695652174,-65.92891711,-66.25854466,0.127420922,0.067285107,-1.070455491,-1.001252436,2.666666667,0.842105263,1.2,0.066666667
"Little Compton, RI",2055,rcp85,mean,8,0.318181818,6.808823581,17.99301643,0.583660958,0.518690483,0.926250136,1.09127868,2.6,0.815789474,2,0.333333333
"Little Compton, RI",2100,rcp85,mean,8,0.304347826,20.01744523,64.26230411,0.654060297,0.545336966,1.350443521,1.268893333,2.6,0.815789474,2,0.333333333
"Lubec, ME",2055,rcp85,mean,16,0.681818182,-8.18156386,-4.97388192,0.442965595,0.363935099,0.133177146,0.064118528,1.266666667,0.289473684,1.8,0.266666667
"Lubec, ME",2100,rcp85,mean,18,0.739130435,-10.88139268,-11.99890898,0.464726575,0.266019025,0.48009876,-0.057515987,1.266666667,0.289473684,1.8,0.266666667
"Machiasport, ME",2055,rcp85,mean,15,0.636363636,-9.5135738,-8.0173272,0.430463741,0.343427778,0.062706578,-0.071995006,2.2,0.657894737,2.4,0.466666667
"Machiasport, ME",2100,rcp85,mean,19,0.782608696,-31.9421906,-42.5887217,0.33567579,0.153979325,-0.113132454,-0.589563814,2.2,0.657894737,2.4,0.466666667
"Manchester, MA",2055,rcp85,mean,7,0.272727273,-26.19988723,-21.58276298,0.273850916,0.252021259,-0.820090117,-0.678688817,2.866666667,0.921052632,1,0
"Manchester, MA",2100,rcp85,mean,12,0.47826087,-54.15810038,93.86661824,0.199547017,0.653767133,-0.738900346,1.783800408,2.866666667,0.921052632,1,0
"Marblehead, MA",2055,rcp85,mean,12,0.5,-28.55645959,-13.80934017,0.251732822,0.304400079,-0.944765606,-0.331034117,3,0.973684211,1,0
"Marblehead, MA",2100,rcp85,mean,16,0.652173913,-57.16138145,62.64329026,0.181144307,0.539407089,-0.823495435,1.240733866,3,0.973684211,1,0
"Marshfield Green Harbor Cedar Crest Marshfield Hills Ocean Bluff Brant Rock, MA",2055,rcp85,mean,8,0.318181818,-14.41448542,34.25365689,0.384465228,0.62825781,-0.19657829,1.818511485,2.966666667,0.960526316,1,0
"Marshfield Green Harbor Cedar Crest Marshfield Hills Ocean Bluff Brant Rock, MA",2100,rcp85,mean,14,0.565217391,-36.59325601,169.1529611,0.307176223,0.929514468,-0.244141601,3.093253835,2.966666667,0.960526316,1,0
"Matinicus, ME",2055,rcp85,mean,17,0.727272727,-23.20586004,-23.02777016,0.301951974,0.242284523,-0.661689802,-0.7433146,2.633333333,0.828947368,4,1
"Matinicus, ME",2100,rcp85,mean,17,0.695652174,-65.4035675,-64.9579552,0.13064002,0.072048708,-1.055657676,-0.978631317,2.633333333,0.828947368,4,1
"Mattituck, NY",2055,rcp85,mean,7,0.272727273,33.1011847,11.99362407,0.830433318,0.478265422,2.317258978,0.822964837,2.466666667,0.763157895,1,0
"Mattituck, NY",2100,rcp85,mean,6,0.217391304,43.69343911,28.17973308,0.799135787,0.413179228,2.017338415,0.641310102,2.466666667,0.763157895,1,0
"Menemsha, MA",2055,rcp85,mean,10,0.409090909,-0.378079744,1.275645724,0.516206799,0.40604562,0.546023879,0.343619298,2.766666667,0.881578947,2.2,0.4
"Menemsha, MA",2100,rcp85,mean,11,0.434782609,-2.611813068,0.765886559,0.515398716,0.312771972,0.713032611,0.164501774,2.766666667,0.881578947,2.2,0.4
"Milbridge, ME",2055,rcp85,mean,18,0.772727273,-17.07445261,-16.76005148,0.359499559,0.284517618,-0.337305015,-0.463000263,1.066666667,0.210526316,3,0.666666667
"Milbridge, ME",2100,rcp85,mean,23,0.956521739,-56.31919346,-56.89341768,0.186304843,0.101586266,-0.799773058,-0.838365023,1.066666667,0.210526316,3,0.666666667
"Montauk, NY",2055,rcp85,mean,5,0.181818182,6.943757285,9.314682097,0.584927406,0.460214195,0.933388863,0.703153167,2.333333333,0.710526316,3.6,0.866666667
"Montauk, NY",2100,rcp85,mean,6,0.217391304,14.53070051,26.49386482,0.620440074,0.407004487,1.195895329,0.611987838,2.333333333,0.710526316,3.6,0.866666667
"Moriches, NY",2055,rcp85,mean,3,0.090909091,51.16766679,33.13879828,1,0.620745678,3.273074098,1.768651103,2.733333333,0.868421053,1,0
"Moriches, NY",2100,rcp85,mean,4,0.130434783,68.48680362,43.83279985,0.951058005,0.470510894,2.715706909,0.91356349,2.733333333,0.868421053,1,0
"Nahant, MA",2055,rcp85,mean,8,0.318181818,-38.78818513,-38.77961338,0.155700859,0.136145569,-1.486079512,-1.44779221,2.833333333,0.907894737,1,0
"Nahant, MA",2100,rcp85,mean,12,0.47826087,-70.77620452,-70.76500565,0.097718997,0.050779529,-1.206991733,-1.079633197,2.833333333,0.907894737,1,0
"Nantucket, MA",2055,rcp85,mean,11,0.454545455,4.416422913,7.345247689,0.561206589,0.446943767,0.799679135,0.615073161,2.566666667,0.802631579,1.2,0.066666667
"Nantucket, MA",2100,rcp85,mean,12,0.47826087,5.027279082,16.50588631,0.562207524,0.370422042,0.92820717,0.438267185,2.566666667,0.802631579,1.2,0.066666667
"New Bedford, MA",2055,rcp85,mean,5,0.181818182,7.368962813,-7.4453821,0.58891826,0.347281654,0.955884547,-0.046415618,1.4,0.342105263,2,0.333333333
"New Bedford, MA",2100,rcp85,mean,8,0.304347826,-22.85190865,-28.52559582,0.391376815,0.205487597,0.142918576,-0.344964227,1.4,0.342105263,2,0.333333333
"New London, CT",2055,rcp85,mean,3,0.090909091,0.388569435,5.737614172,0.523402343,0.436111222,0.586583788,0.543174158,1.6,0.421052632,1,0
"New London, CT",2100,rcp85,mean,8,0.304347826,-19.55037334,4.84191453,0.411607089,0.327701025,0.235914758,0.235396023,1.6,0.421052632,1,0
"New Shoreham, RI",2055,rcp85,mean,9,0.363636364,-23.23030538,-11.77911716,0.301722537,0.318080113,-0.662983093,-0.240235432,2.7,0.855263158,2.2,0.4
"New Shoreham, RI",2100,rcp85,mean,9,0.347826087,-54.07909299,-25.5194379,0.200031138,0.216498094,-0.736674901,-0.292678199,2.7,0.855263158,2.2,0.4
"Newburyport, MA",2055,rcp85,mean,12,0.5,-12.23849787,-19.74269797,0.404888406,0.264419972,-0.081456719,-0.596394663,3,0.973684211,1,0
"Newburyport, MA",2100,rcp85,mean,18,0.739130435,-35.02762722,-43.03288753,0.316769668,0.152352502,-0.200041664,-0.597289179,3,0.973684211,1,0
"Newington, NH",2055,rcp85,mean,8,0.318181818,-23.22547393,-20.69047336,0.301767884,0.258033679,-0.662727483,-0.638782499,2.933333333,0.947368421,3.8,0.933333333
"Newington, NH",2100,rcp85,mean,13,0.52173913,-60.99962744,-59.69948089,0.157625318,0.091308645,-0.931609446,-0.887170809,2.933333333,0.947368421,3.8,0.933333333
"Newport News, VA",2055,rcp85,mean,2,0.045454545,-7.78130051,5.763634782,0.446722349,0.436286554,0.154353253,0.544337891,2.033333333,0.592105263,1,0
"Newport News, VA",2100,rcp85,mean,4,0.130434783,-45.45098414,-6.221383072,0.25290018,0.287180066,-0.493642158,0.042972372,2.033333333,0.592105263,1,0
"Newport, RI",2055,rcp85,mean,4,0.136363636,-5.513582733,-19.05531299,0.46800648,0.269051704,0.274327852,-0.565652399,2.566666667,0.802631579,1,0
"Newport, RI",2100,rcp85,mean,6,0.217391304,-35.61394021,-38.86962505,0.313177015,0.167601065,-0.216556668,-0.524877661,2.566666667,0.802631579,1,0
"North Kingstown Saunderstown, RI",2055,rcp85,mean,6,0.227272727,-1.932422734,-5.224799125,0.501618193,0.36224437,0.463790684,0.052896632,2.9,0.934210526,1,0
"North Kingstown Saunderstown, RI",2100,rcp85,mean,6,0.217391304,-9.502808675,-17.7372031,0.473173897,0.245001677,0.518930103,-0.157321989,2.9,0.934210526,1,0
"Oak Bluffs, MA",2055,rcp85,mean,10,0.409090909,0.308041296,0.842627672,0.522646529,0.403127861,0.582323412,0.324253214,2.466666667,0.763157895,1,0
"Oak Bluffs, MA",2100,rcp85,mean,9,0.347826087,0.495481431,1.652154388,0.534438773,0.316018058,0.800557504,0.179916607,2.466666667,0.763157895,1,0
"Ocean City, MD",2055,rcp85,mean,2,0.045454545,-4.443372162,7.119670762,0.478051161,0.445423786,0.330947809,0.60498457,2.133333333,0.631578947,1.8,0.266666667
"Ocean City, MD",2100,rcp85,mean,2,0.043478261,-11.77852928,13.29668733,0.459229338,0.358667878,0.454828614,0.382449669,2.133333333,0.631578947,1.8,0.266666667
"Ogunquit, ME",2055,rcp85,mean,11,0.454545455,-21.74883,-21.69915,0.315627229,0.251237021,-0.584604992,-0.683894052,2.033333333,0.592105263,1.8,0.266666667
"Ogunquit, ME",2100,rcp85,mean,16,0.652173913,-63.36668,-63.22193,0.14312112,0.078407156,-0.998283533,-0.948436676,2.033333333,0.592105263,1.8,0.266666667
"Oriental, NC",2055,rcp85,mean,3,0.090909091,0.100224192,0.024177396,0.520696019,0.397612985,0.571328757,0.28764925,2.166666667,0.644736842,2.6,0.533333333
"Orleans, MA",2055,rcp85,mean,15,0.636363636,23.11844952,89.42307878,0.736738305,1,1.789118015,4.285881301,2.066666667,0.605263158,1,0
"Orleans, MA",2100,rcp85,mean,15,0.608695652,2.322209027,56.29477209,0.545632111,0.516154705,0.852011956,1.130314253,2.066666667,0.605263158,1,0
"Owls Head, ME",2055,rcp85,mean,21,0.909090909,-27.34674237,-27.53949562,0.263086872,0.211883648,-0.880764989,-0.945094768,2.5,0.776315789,2.2,0.4
"Owls Head, ME",2100,rcp85,mean,20,0.826086957,-66.08244392,-66.65610582,0.126480181,0.065828981,-1.074779966,-1.008167207,2.5,0.776315789,2.2,0.4
"Pembroke, ME",2055,rcp85,mean,15,0.636363636,-6.003591311,-0.966261594,0.463407404,0.390939216,0.248403734,0.243353349,1.866666667,0.526315789,1.2,0.066666667
"Pembroke, ME",2100,rcp85,mean,21,0.869565217,28.94444131,4.026218338,0.708760781,0.324713418,1.601895187,0.22120864,1.866666667,0.526315789,1.2,0.066666667
"Plymouth, MA",2055,rcp85,mean,11,0.454545455,-21.07021501,-1.895368014,0.32199651,0.384678718,-0.548702569,0.201800455,2.7,0.855263158,1,0
"Plymouth, MA",2100,rcp85,mean,11,0.434782609,-40.36873504,97.22239377,0.284041841,0.666058156,-0.35048762,1.842167325,2.7,0.855263158,1,0
"Point Judith, RI",2055,rcp85,mean,5,0.181818182,-1.343945069,-9.331731993,0.507141471,0.334571066,0.494924352,-0.130779793,2.6,0.815789474,2,0.333333333
"Point Judith, RI",2100,rcp85,mean,6,0.217391304,-3.362835239,-9.926916406,0.510796801,0.273608004,0.691878151,-0.021477874,2.6,0.815789474,2,0.333333333
"Point Lookout, NY",2055,rcp85,mean,3,0.090909091,-9.014468523,10.01355647,0.435148197,0.464923345,0.089111961,0.734409277,2.566666667,0.802631579,2,0.333333333
"Point Lookout, NY",2100,rcp85,mean,6,0.217391304,-26.25882762,14.75338795,0.370500798,0.364003259,0.046953994,0.407786026,2.566666667,0.802631579,2,0.333333333
"Point Pleasant, NJ",2055,rcp85,mean,5,0.181818182,-3.620458928,11.28810893,0.485774783,0.473511525,0.374484393,0.791411728,2.7,0.855263158,1,0
"Point Pleasant, NJ",2100,rcp85,mean,5,0.173913043,-25.85597166,41.10403113,0.372969312,0.460516376,0.058301462,0.866102086,2.7,0.855263158,1,0
"Port Clyde Tenants Harbor Saint George Spruce Head, ME",2055,rcp85,mean,19,0.818181818,-30.47967952,-26.12740817,0.233682046,0.221398565,-1.046514396,-0.88194127,2.5,0.776315789,3.4,0.8
"Port Clyde Tenants Harbor Saint George Spruce Head, ME",2100,rcp85,mean,21,0.869565217,-65.64619672,-55.90040005,0.129153301,0.105223339,-1.062491948,-0.821093493,2.5,0.776315789,3.4,0.8
"Portland, ME",2055,rcp85,mean,15,0.636363636,-35.80529902,-36.63428084,0.183697349,0.150601233,-1.328268621,-1.351845424,2.333333333,0.710526316,1.2,0.066666667
"Portland, ME",2100,rcp85,mean,19,0.782608696,-63.67952485,-71.76023987,0.141204152,0.047134337,-1.007095607,-1.09694328,2.333333333,0.710526316,1.2,0.066666667
"Portsmouth, NH",2055,rcp85,mean,15,0.636363636,-36.78677496,-24.13632223,0.174485505,0.234814885,-1.380194034,-0.792892932,2.7,0.855263158,1,0
"Portsmouth, NH",2100,rcp85,mean,17,0.695652174,-57.76118536,38.16596728,0.177468987,0.449755283,-0.840390446,0.815000417,2.7,0.855263158,1,0
"Provincetown, MA",2055,rcp85,mean,11,0.454545455,7.391003631,0.789793579,0.589125128,0.402771854,0.957050626,0.321890288,2.4,0.736842105,2,0.333333333
"Provincetown, MA",2100,rcp85,mean,15,0.608695652,-12.57684191,-5.702088172,0.454337649,0.28908206,0.432342098,0.052004455,2.4,0.736842105,2,0.333333333
"Reedville District 5, VA",2055,rcp85,mean,5,0.181818182,18.75939,18.75939,0.695825456,0.523854456,1.558500069,1.125553591,1.766666667,0.486842105,4,1
"Reedville District 5, VA",2100,rcp85,mean,3,0.086956522,20.73872,20.73872,0.658479933,0.38592542,1.370760069,0.511888752,1.766666667,0.486842105,4,1
"Rockland, ME",2055,rcp85,mean,16,0.681818182,-29.4712298,-29.95215635,0.243147058,0.195626675,-0.993161924,-1.052997408,2.1,0.618421053,2,0.333333333
"Rockland, ME",2100,rcp85,mean,20,0.826086957,-68.69928768,-72.13829994,0.110445378,0.045749636,-1.14849006,-1.103518869,2.1,0.618421053,2,0.333333333
"Rockport, MA",2055,rcp85,mean,14,0.590909091,-29.99523125,-29.86267968,0.238228935,0.196229586,-1.020884449,-1.048995697,2.866666667,0.921052632,1.2,0.066666667
"Rockport, MA",2100,rcp85,mean,19,0.782608696,-66.85560456,-66.37772273,0.121742612,0.0668486,-1.096558012,-1.003325298,2.866666667,0.921052632,1.2,0.066666667
"Rockport, ME",2055,rcp85,mean,14,0.590909091,-55.37733308,-58.98467097,0,0,-2.363735625,-2.351433168,2.7,0.855263158,1.2,0.066666667
"Rockport, ME",2100,rcp85,mean,17,0.695652174,-76.84917578,-83.14773892,0.06050665,0.005425942,-1.378052493,-1.295005758,2.7,0.855263158,1.2,0.066666667
"Rye, NH",2055,rcp85,mean,15,0.636363636,-34.66782174,-10.06285339,0.194373376,0.329644629,-1.268089889,-0.163478103,2.666666667,0.842105263,1.8,0.266666667
"Rye, NH",2100,rcp85,mean,18,0.739130435,-27.97448996,111.2405583,0.359988016,0.717401751,-0.001372022,2.085984901,2.666666667,0.842105263,1.8,0.266666667
"Sandwich East Sandwich Forestdale, MA",2055,rcp85,mean,7,0.272727273,-5.322705269,-5.503416368,0.469798,0.360366994,0.284426307,0.040435893,2.7,0.855263158,1,0
"Sandwich East Sandwich Forestdale, MA",2100,rcp85,mean,9,0.347826087,-25.75776557,-21.64718275,0.373571074,0.2306808,0.061067687,-0.225328165,2.7,0.855263158,1,0
"Saugus, MA",2055,rcp85,mean,12,0.5,-34.96149,-34.96149,0.191617092,0.16187282,-1.283626536,-1.277032357,2.866666667,0.921052632,1,0
"Saugus, MA",2100,rcp85,mean,16,0.652173913,-73.67489,-73.67489,0.079957199,0.040121648,-1.288640619,-1.13024474,2.866666667,0.921052632,1,0
"Scarborough, ME",2055,rcp85,mean,14,0.590909091,-25.30392571,-30.16711953,0.282260147,0.194178212,-0.772688882,-1.062611314,2.666666667,0.842105263,1.2,0.066666667
"Scarborough, ME",2100,rcp85,mean,16,0.652173913,-49.62069941,-59.09532218,0.227350102,0.093521466,-0.611092848,-0.876662692,2.666666667,0.842105263,1.2,0.066666667
"Scituate North Scituate, MA",2055,rcp85,mean,10,0.409090909,-33.34977039,4.451471575,0.206744218,0.427444946,-1.198357807,0.485653355,2.833333333,0.907894737,1.4,0.133333333
"Scituate North Scituate, MA",2100,rcp85,mean,14,0.565217391,-39.52068415,177.7498401,0.289238303,0.961001805,-0.326600099,3.24277913,2.833333333,0.907894737,1.4,0.133333333
"Sea Isle City, NJ",2055,rcp85,mean,6,0.227272727,5.500337792,12.14007218,0.571379895,0.479252217,0.857024124,0.829514509,2.2,0.657894737,2,0.333333333
"Sea Isle City, NJ",2100,rcp85,mean,4,0.130434783,5.07779369,26.2787895,0.562517054,0.406216742,0.929630043,0.608247039,2.2,0.657894737,2,0.333333333
"Seabrook, NH",2055,rcp85,mean,15,0.636363636,-36.94587354,5.104115507,0.172992253,0.431842586,-1.388611213,0.514841878,2.566666667,0.802631579,1,0
"Seabrook, NH",2100,rcp85,mean,18,0.739130435,-22.14507335,188.3973827,0.395707973,1,0.162828399,3.427971565,2.566666667,0.802631579,1,0
"Shinnecock, NY",2055,rcp85,mean,5,0.181818182,12.99577633,8.336964558,0.641729875,0.453626146,1.253573572,0.659426213,2,0.578947368,1,0
"Shinnecock, NY",2100,rcp85,mean,6,0.217391304,16.63559274,29.88311207,0.633337876,0.419418105,1.255185,0.670936929,2,0.578947368,1,0
"Sorrento, ME",2055,rcp85,mean,18,0.772727273,-15.4154439,-15.26318328,0.375070526,0.294603804,-0.249534435,-0.396055074,2.366666667,0.723684211,2.8,0.6
"Sorrento, ME",2100,rcp85,mean,22,0.913043478,-56.80031748,-56.95661558,0.183356739,0.101354794,-0.813325146,-0.839464223,2.366666667,0.723684211,2.8,0.6
"South Bristol, ME",2055,rcp85,mean,19,0.818181818,-26.31132042,-26.70137698,0.272805037,0.217531052,-0.825985539,-0.907611166,2.233333333,0.671052632,3.2,0.733333333
"South Bristol, ME",2100,rcp85,mean,20,0.826086957,-59.44780637,-53.91423546,0.167134157,0.11249796,-0.887898438,-0.786548184,2.233333333,0.671052632,3.2,0.733333333
"South Harpswell, ME",2055,rcp85,mean,13,0.545454545,8.838623,8.838623,0.602712057,0.457006417,1.03363756,0.681862136,1.933333333,0.552631579,2.6,0.533333333
"South Harpswell, ME",2100,rcp85,mean,13,0.52173913,-46.8988,-46.8988,0.244028637,0.138193027,-0.534423593,-0.664528895,1.933333333,0.552631579,2.6,0.533333333
"South Kingstown, RI",2055,rcp85,mean,7,0.272727273,10.54164086,9.359673425,0.618696082,0.460517355,1.123736464,0.705165336,2.766666667,0.881578947,1,0
"South Kingstown, RI",2100,rcp85,mean,7,0.260869565,19.31368118,19.05387713,0.649747958,0.379754434,1.330620207,0.482584324,2.766666667,0.881578947,1,0
"South Thomaston, ME",2055,rcp85,mean,17,0.727272727,-22.71253248,-23.26181654,0.306582201,0.240707473,-0.635590092,-0.753781974,2.7,0.855263158,1.6,0.2
"South Thomaston, ME",2100,rcp85,mean,20,0.826086957,-59.58669124,-61.24975252,0.166283135,0.085630547,-0.891810486,-0.914134643,2.7,0.855263158,1.6,0.2
"Southport, ME",2055,rcp85,mean,23,1,-38.1705404,-36.25166756,0.16149789,0.153179355,-1.453402748,-1.334733617,2.2,0.657894737,2,0.333333333
"Southport, ME",2100,rcp85,mean,24,1,-71.70381639,-68.38851841,0.092035022,0.059483764,-1.233120292,-1.038299015,2.2,0.657894737,2,0.333333333
"Southwest Harbor, ME",2055,rcp85,mean,18,0.772727273,-19.15407956,-16.84524521,0.339980793,0.283943566,-0.447328587,-0.466810426,1.833333333,0.513157895,2,0.333333333
"Southwest Harbor, ME",2100,rcp85,mean,21,0.869565217,-58.57491409,-51.64324622,0.172482835,0.120815793,-0.863311196,-0.747048926,1.833333333,0.513157895,2,0.333333333
"Stonington Mystic Pawcatuck, CT",2055,rcp85,mean,5,0.181818182,-2.494022029,7.266343701,0.496347188,0.446412096,0.434079029,0.611544298,2.866666667,0.921052632,1,0
"Stonington Mystic Pawcatuck, CT",2100,rcp85,mean,7,0.260869565,-34.53606572,10.86501643,0.319781729,0.349761524,-0.186195578,0.34015568,2.866666667,0.921052632,1,0
"Stonington, ME",2055,rcp85,mean,19,0.818181818,-24.3949493,-25.67046694,0.290791532,0.224477523,-0.724599088,-0.861505258,2.033333333,0.592105263,4,1
"Stonington, ME",2100,rcp85,mean,21,0.869565217,-64.5943843,-66.6088495,0.135598319,0.066002064,-1.032864963,-1.00734528,2.033333333,0.592105263,4,1
"Stueben, ME",2055,rcp85,mean,20,0.863636364,-25.00599451,-23.69453496,0.285056442,0.237791733,-0.756926702,-0.773134657,1.333333333,0.315789474,2.8,0.6
"Stueben, ME",2100,rcp85,mean,21,0.869565217,-61.0190565,-58.25238865,0.157506266,0.096608834,-0.932156715,-0.862001571,1.333333333,0.315789474,2.8,0.6
"Swans Island, ME",2055,rcp85,mean,19,0.818181818,-26.14073399,-26.3919537,0.274406111,0.219616006,-0.816960589,-0.893772673,2.166666667,0.644736842,3.8,0.933333333
"Swans Island, ME",2100,rcp85,mean,23,0.956521739,-65.96984421,-66.71138963,0.127170139,0.065626495,-1.071608307,-1.009128757,2.166666667,0.644736842,3.8,0.933333333
"Tiverton, RI",2055,rcp85,mean,8,0.318181818,3.939357581,6.713875337,0.556728995,0.442689458,0.774439785,0.586835977,2.666666667,0.842105263,1,0
"Tiverton, RI",2100,rcp85,mean,8,0.304347826,4.401278303,19.41132543,0.558371682,0.381063642,0.910574258,0.488801413,2.666666667,0.842105263,1,0
"Tremont, ME",2055,rcp85,mean,20,0.863636364,-22.70555729,-22.91528368,0.306647668,0.243042478,-0.635221066,-0.73828381,2.1,0.618421053,2,0.333333333
"Tremont, ME",2100,rcp85,mean,22,0.913043478,-66.29371739,-67.06671717,0.125185595,0.064325056,-1.080731023,-1.01530896,2.1,0.618421053,2,0.333333333
"Truro, MA",2055,rcp85,mean,12,0.5,46.29918557,38.45400293,0.954305869,0.656560551,3.015504974,2.006365675,2.266666667,0.684210526,1.4,0.133333333
"Truro, MA",2100,rcp85,mean,15,0.608695652,76.47402726,61.72546934,1,0.536045435,2.940687481,1.224770231,2.266666667,0.684210526,1.4,0.133333333
"Vinalhaven, ME",2055,rcp85,mean,17,0.727272727,-29.86998726,-30.41864962,0.239404438,0.192483353,-1.014258361,-1.073860621,2.1,0.618421053,3.6,0.866666667
"Vinalhaven, ME",2100,rcp85,mean,20,0.826086957,-67.93800153,-68.85685453,0.115110186,0.057768414,-1.12704649,-1.046444773,2.1,0.618421053,3.6,0.866666667
"Vineyard Haven, MA",2055,rcp85,mean,11,0.454545455,1.904819356,5.378626562,0.537633418,0.433692295,0.666801652,0.527118974,2.266666667,0.684210526,1.2,0.066666667
"Vineyard Haven, MA",2100,rcp85,mean,7,0.260869565,2.312728441,6.773806769,0.545574018,0.334776866,0.851744911,0.268997375,2.266666667,0.684210526,1.2,0.066666667
"Virginia Beach Lynnhaven, VA",2055,rcp85,mean,1,0,1.737659333,18.11599151,0.536064503,0.519519113,0.657957978,1.096778556,2.566666667,0.802631579,1,0
"Virginia Beach Lynnhaven, VA",2100,rcp85,mean,1,0,-5.057116531,15.64095687,0.500415033,0.367254111,0.644154387,0.423223489,2.566666667,0.802631579,1,0
"Wachapreague, VA",2055,rcp85,mean,1,0,3.835393995,17.18944466,0.555753223,0.513275862,0.768939546,1.055340135,2.166666667,0.644736842,3.4,0.8
"Wachapreague, VA",2100,rcp85,mean,1,0,9.116650492,29.53717091,0.587265291,0.418151044,1.04339477,0.664919983,2.166666667,0.644736842,3.4,0.8
"Wanchese, NC",2055,rcp85,mean,2,0.045454545,6.12054739,13.08789007,0.577201,0.485638797,0.889836584,0.871904245,2.6,0.815789474,3.6,0.866666667
"Wanchese, NC",2100,rcp85,mean,1,0,18.78958512,41.06840147,0.646536541,0.460385877,1.315857702,0.86548238,2.6,0.815789474,3.6,0.866666667
"Wareham, MA",2055,rcp85,mean,9,0.363636364,1.701455423,7.715432862,0.535724704,0.449438146,0.656042595,0.631629138,2.366666667,0.723684211,1,0
"Wareham, MA",2100,rcp85,mean,9,0.347826087,3.649323944,12.77743198,0.553764055,0.356766028,0.889393541,0.373418275,2.366666667,0.723684211,1,0
"Waretown, NJ",2055,rcp85,mean,2,0.045454545,5.491468771,13.99718789,0.571296653,0.491765821,0.856554905,0.912571229,2.5,0.776315789,2,0.333333333
"Waretown, NJ",2100,rcp85,mean,3,0.086956522,16.70402618,39.99613547,0.633757204,0.456458544,1.257112603,0.846832485,2.5,0.776315789,2,0.333333333
"Warwick, RI",2055,rcp85,mean,7,0.272727273,1.924090357,8.589126102,0.53781429,0.455325259,0.667821193,0.670703761,2.666666667,0.842105263,1,0
"Warwick, RI",2100,rcp85,mean,8,0.304347826,3.251073103,13.41847615,0.551323759,0.359113947,0.878175788,0.384567939,2.666666667,0.842105263,1,0
"Wellfleet, MA",2055,rcp85,mean,13,0.545454545,0.551153265,-0.925757331,0.524928306,0.391212142,0.595185357,0.245164841,2.033333333,0.592105263,2,0.333333333
"Wellfleet, MA",2100,rcp85,mean,15,0.608695652,-0.616676312,-3.16132298,0.527623987,0.298387988,0.769230738,0.096195919,2.033333333,0.592105263,2,0.333333333
"Westerley Westerley Center, RI",2055,rcp85,mean,6,0.227272727,23.46801586,38.07316725,0.740019232,0.653994407,1.807611975,1.989333369,2.666666667,0.842105263,1,0
"Westerley Westerley Center, RI",2100,rcp85,mean,7,0.260869565,41.06632239,73.47026697,0.783038036,0.579062488,1.943338956,1.429047194,2.666666667,0.842105263,1,0
"Westport, MA",2055,rcp85,mean,9,0.363636364,-1.982398129,-7.996273829,0.501149139,0.34356964,0.461146714,-0.071053426,2.833333333,0.907894737,1,0
"Westport, MA",2100,rcp85,mean,9,0.347826087,-6.066674172,-14.63005913,0.494228933,0.25638205,0.615717615,-0.103279514,2.833333333,0.907894737,1,0
"Wildwood, NJ",2055,rcp85,mean,5,0.181818182,-34.86709118,-31.55034517,0.192503092,0.184857771,-1.278632325,-1.12447401,1.033333333,0.197368421,1.2,0.066666667
"Wildwood, NJ",2100,rcp85,mean,5,0.173913043,-71.57891516,-63.04123748,0.092800359,0.079068969,-1.22960213,-0.945293895,1.033333333,0.197368421,1.2,0.066666667
"Winter Harbor, ME",2055,rcp85,mean,20,0.863636364,-25.66903497,-22.53389096,0.278833339,0.245612376,-0.792005147,-0.721226592,1.966666667,0.565789474,3.8,0.933333333
"Winter Harbor, ME",2100,rcp85,mean,22,0.913043478,-63.29910659,-60.2336202,0.143535179,0.089352281,-0.996380155,-0.89646108,1.966666667,0.565789474,3.8,0.933333333
"Winthrop, MA",2055,rcp85,mean,8,0.318181818,-28.18683538,-28.52392636,0.255202006,0.205250364,-0.925210476,-0.989121959,3.066666667,1,1,0
"Winthrop, MA",2100,rcp85,mean,15,0.608695652,-63.61134895,-64.51710938,0.141621903,0.073663371,-1.005175259,-0.970963697,3.066666667,1,1,0
"Woods Hole, MA",2055,rcp85,mean,9,0.363636364,20.20506872,27.72550008,0.70939417,0.584269832,1.634984333,1.526549443,2.7,0.855263158,1.8,0.266666667
"Woods Hole, MA",2100,rcp85,mean,8,0.304347826,25.10146083,106.333548,0.685212782,0.699429102,1.493647817,2.000637397,2.7,0.855263158,1.8,0.266666667
"Yarmouth, MA",2055,rcp85,mean,15,0.636363636,-1.328442,-2.985069,0.507286979,0.377336103,0.495744549,0.153065209,2.366666667,0.723684211,1,0
"Yarmouth, MA",2100,rcp85,mean,18,0.739130435,-5.753024,-12.9273,0.496150835,0.262618656,0.624552374,-0.073663468,2.366666667,0.723684211,1,0
"York Harbor, ME",2055,rcp85,mean,18,0.772727273,-21.20419,-21.50288,0.32073906,0.252559526,-0.555790575,-0.67511617,2.933333333,0.947368421,2,0.333333333
"York Harbor, ME",2100,rcp85,mean,20,0.826086957,-62.1614,-63.03703,0.150506516,0.07908438,-0.96433374,-0.945220715,2.933333333,0.947368421,2,0.333333333
